{"cameraMode":{"drawMode":0,"name":"Shaded","section":"Shading Mode"},"sceneLighting":false,"audioPlay":false,"sceneViewState":{"showFog":true,"showMaterialUpdate":false,"showSkybox":true,"showFlares":true,"showImageEffects":true,"showParticleSystems":true},"in2DMode":false,"pivot":{"x":104.47735595703125,"y":19.589515686035158,"z":0.0},"rotation":{"x":-0.0926121324300766,"y":0.20548290014266969,"z":-0.01968354918062687,"w":-0.9742082953453064},"size":981.0791625976563,"orthographic":false}